title;author_info;rating;pros;cons;date
Arbeiten bei einem der besten Arbeitgeber Deutschlands.;Mitarbeiter im Bereich Anonym in Lampertheim, Deutschland;5.0;Das sehr positive Arbeitsumfeld mit sehr starkem Bezug zur individuellen Person und professionellem wie respektvollem Umgang miteinander. Bei diesem Arbeitgeber ist man keine Nummer in der Personalakte, sondern ein Mensch mit individuellen Bedürfnissen und eigener Meinung. Zudem arbeitet man auf und mit dem modernsten Stand der Technik.;Die Work-Life-Balance ist Top, das Gehalt ist Top, In Nuancen gibt es immer etwas zu optimieren, aber das Gesamtpaket stimmt.;15. Okt 20
Geld ist nicht alles;Mitarbeiter im Bereich Logistik in Hamm, Deutschland;1.0;Sehr Gutes Gehalt. Wäre das Gehalt nicht so hoch gibt es kein Grund dort anzufangen.;Menschlichkeit. Man ist dort nur eine nr. Nr kann schnell und beliebig austauschen oder weg lassen.;2021
Hier lohnt sich überdurchschnittliche Leistung nicht;Mitarbeiter im Bereich Vertrieb und Verkauf in Münster, Deutschland;3.0;Flexibilität der Arbeitszeitgestaltung, mobiles Arbeiten, Diversität, tolle Kollegen, Weihnachtsgeld und jährlich Bonuszahlung, Zuganbindung, sehr fordernde Aufgaben;Riesiges Gefälle bei der Gehaltsgestaltung, intransparente Gehaltsstruktur, unterirdische Qualität des Kantinenessens, Homeoffice wird von Vorgesetzten immer wieder in Frage gestellt;2021
BASF One Team,;Mitarbeiter im Bereich Anonym in Ludwigshafen am Rhein, Deutschland;4.0;> Work life balance > Chances to progress in corporate career > Professionalism > One of the gaints in industry;Diversity at Headquarters can be improved Communicating the strategy to all staff needs to be improved Transparency for career development is highly required. Yearly appraisal system needs revamping; 20. September 2021
Kann ich nur empfehlen;Mitarbeiter im Bereich Anonym in Ludwigshafen am Rhein, Deutschland;5.0;Flexibel, auf Wünsche werden eingegangen. Vor allem bei der Urlaubsplanung. Es wird einem immer geholfen bei Problemen.;Verkehrsanbindungen, die Bus und Bahn Zeiten, passen nicht zu den Arbeitszeiten bzw Schichtzeiten von der BASF.; 7. September 2021
Guter Arbeitgeber, Gehaltsgefüge muss allerdings angepasst werden.;Mitarbeiter im Bereich Management in Berlin, Deutschland;5.0;Man hat viele Freiheiten und man lernt immer wieder neue Dinge, da es verschiedene Arbeitsgruppen gibt.;Aufgaben werden falsch verteilt. Manager Aufgaben werden einfach an die kleinsten Glieder einer Kette abgegeben, damit man Ruhe hat. Eine Anpassung an den Chemievertrag an die anderen Standorte wäre gerechtfertigt, da wir in Berlin mitunter die meiste Arbeit vollführen.;06. Sep 21
Attraktiver Arbeitgeber mit vielen Benefits;Mitarbeiter im Bereich Anonym in Kassel, Deutschland;5.0;Gleit- und Vertrauenszeit nette Kolleginnen und Kollegen Kaffeeküchen Eigene sehr gute Kantine Home-Office Faire Vergütung;Ehrlich gesagt ist hier nicht viel zu verbessern. Das Anhebot ist sehr vielfältig und wird trotzdem ständig erweitert.;06. Sep 21
Zuverlässiger Arbeitgeber; 4. August 2021;5.0;Unternehmenskultur, Work Life Balance, Bezahlung und Benefits, internationale spannende Projekte, globales Arbeiten und Team, Jobsicherheit;Nicht so kurzfristig und Kennzahlen getrieben agieren, stattdessen auf seine alten Stärken besinnen und vertrauen.; 4. August 2021
Eigentlich sehr zufrieden mit der BASF Coatings als Arbeitgeber;Lacklaborant/in in Münster, Deutschland;4.0;Flexibilität in der Arbeitszeiteinteilung ( Gleitzeit) Außerfirmliche Angebote (Weihnachtsfeier, Fitnessstudio,Kantine) Weiterbildungsmöglichkeiten ( Hausintern , beim Kunden, bei Lieferanten);Wasserspender, Teekocher und Kaffeemaschinen in allen Pausenräumen sowie mehr Flexibilität in den Bring- und Abholzeiten in der Firmeneigenen Kita.;2020
In der Vergangenheit gut, heute nur eingeschränkt empfehlenswert.;Mitarbeiter im Bereich Recht in Ludwigshafen am Rhein, Deutschland;2.0;Interessante Themen. In der Regel tolle und unterstützende Kollegen. In der Vergangenheit gutes Gesamtpaket am Standort.;Karrierechancen haben sich in den letzten Jahren insgesamt verschlechtert. Viele gute Leute sind gegangen. Ausstattung der Büros und IT sollte verbessert werden.;2021
Man muss darauf achten, dass viel im Unternehmen über Vitamin B läuft.;Mitarbeiter im Bereich Buchhaltung in Berlin, Deutschland;4.0;Vor allem Flexibilität. Es besteht die Remote Option. Die Kolleginnen und Kollegen sind immer hilfsbereit und freundlich. Das Umfeld ist sehr international.;Gehalt ist niedrig, obwohl das Unternehmen die guten Spezialisten braucht. Gehaltserhöhung ist je nach Entgeltband und sehr winzig. Sogar erfahrene Mitarbeiter versucht BASF günstig zu kriegen.;2019
Sehr sicherer Job, gute Bezahlung. Arbeiten im Team!;Chemikant/in in Ludwigshafen am Rhein, Deutschland;4.0;Jeder kann sich mit seinen unterschiedlich versierten Kompetenzen in das Team einbinden. Die Sensibilisierung für das Teamgefühl steht an oberster Stelle.;12-Stunden-Schichten sind niemals optimal für die Work-Life-Balance, allerdings sind das alle Schichtsysteme nicht. Als Chemikant leider unvermeidbar.; 22. Juli 2021
BASF, da weiß man, wohin man kommt.;Senior Manager in Ludwigshafen am Rhein, Deutschland;4.0;Sehr viele verschiedene Tätigkeiten im In- und Ausland sind in verschiedenen Geschäftseinheiten ausübbar. Corporate Identity wird groß geschrieben.;Oftmals limitierende Aufstiegsmöglichkeiten sollten offener kommuniziert werden, andererseits könnten Förderprogramme mehr auf individuelle Stärken ausgerichtet sein.;2018
BASF - We create Chemistry!;Manager in Ludwigshafen am Rhein, Deutschland;5.0;Durch die Größe des Standortes und der weltweiten Ausrichtung sind viele Möglichkeiten der Weiterentwicklung, Jobs, Delegationen, etc. möglich.;Durch die Größe des Standortes und der weltweiten Ausrichtung sind viele Möglichkeiten der Weiterentwicklung, Jobs, Delegationen, etc. möglich.;22. Jul 21
Langfristig, Zukunftssicher, traditionell und doch modern;Mitarbeiter im Bereich Vertrieb und Verkauf in Olching, Deutschland;5.0;Sehr gut strukturiertes Unternehmen mit wettbewerbsfähigen und zukunftssicheren Produkten, global aufgestellt und auf Augenhöhe mit den Größten Unternehmen der Automobilindustrie;Standort im Münchener raum wäre eine wesentliche Verbesserung und Signal an den Automotive OEM's in Süddeutschland;2018
Arbeitgeber Ok als Sprungbrett, aber auf Langer Sicht wird man zum Zombie!;Mitarbeiter im Bereich Anonym in Würzburg, Deutschland;3.0;Der Zusammenhalt zwischen Kollegen Innerhalb der Gruppe und auch Einheitsübergreifend. Das die Kollegen einen Zuhören.;Von den Vorgesetzten mehr Wertschätzung. Mehr Förderung der Mitarbeiter. Mehr Toleranz bei Problemen und Verbesserungen.;30. Dez 20
Schöne Zeit bei BASF;Mitarbeiter im Bereich Keine Disziplin in Ludwigshafen am Rhein, Deutschland;4.0;Unfassbar vielfältiger Standort, spannende Chemie, beeindruckende Verfahrenstechnik und Dimensionen - vermutlich einzigartig in Deutschland oder Europa;Unfassbar vielfältiger Standort, spannende Chemie, beeindruckende Verfahrenstechnik und Dimensionen - vermutlich einzigartig in Deutschland oder Europa;2017
Tolle Produkte und nettes Team;Mitarbeiter im Bereich Personal in Grenzach-Wyhlen, Deutschland;4.0;Tolles Team, guter Zusammenhalt am Standort, spannende Aufgaben, viele EInblicke auch über den Tellerand hinau;"Die Kantine könnte bessere Angebote haben ;-) Starke Konkurrenz aus der Schweiz, was Stellen angeht.";2018
Momentan in vielen Bereichen im Umbruch;Mitarbeiter im Bereich Anonym in Ludwigshafen am Rhein, Deutschland;3.0;Ein gutes Team, welches sich unterstützt. Viele Freiheiten vom Vorgesetzten. Anspruchsvolle Aufgaben. Gute Angebote am Standort zur Fortbildung, nur leider wenig Zeit dafür.;Hirarchiestrukturen sind sehr ausgeprägt. Lange Entscheidungswege. Wertschätzung wird zwar kommuniziert, führt aber nicht immer auch zu Handlungen. Work-Life-Balance ist wenig ausgeprägt. Stärkere Aufstiegschancen für Frauen sollten etabliert werden;2018
BASF SE: sehr gute Wahl für jeden, der mit Großkonzernen kein Problem hat.;Mitarbeiter im Bereich IT in Ludwigshafen am Rhein, Deutschland;4.0;Flexibilität und kooperativen Stamm an Kollegen. Führungskräfte, welche Mitarbeiter fordern und fördern. Die Tätigkeit war breit gefächert und immer interessant.;Gelegentlich fehlt die Dynamik. Das Unternehmen ist wie für einen Großkonzern üblich nicht sehr flexibel. Prozesse erschweren die Entwicklung;2020
Großkonzern statt Große Familie;Chemikant/in in Ludwigshafen am Rhein, Deutschland;2.0;Das gute Gehalt, den relativ sicheren Arbeitsplatz (falls unbefristeter Arbeitsvertrag vorhanden) und die gute Ereichbarkeit mit öffentlichen Verkehrsmitteln.;"Die Mitarbeiter sollten wieder als Menschen und nichtmehr nur als Nummern gesehen werden. ""Meine Anilin"" trifft dort leider nicht mehr zu. Man ist nur ein Rädchen im Getriebe und als solches nur geschätzt wenn es 100% funktioniert. Kündigungen werden unter Vorwänden legitimiert";2020
Mehrjährige Erfahrung;Mitarbeiter im Bereich Vertrieb und Verkauf in Ludwigshafen am Rhein, Deutschland;2.0;Die wenige Arbeit, die man hat und trotzdem wird ein Wunder daraus gemacht. Homeoffice Möglichkeiten.;Betriebsrat verbessern Führungskräfte austauschen Nachwuchs fördern Mehr Flexibilität Weniger Politik Mehr Pragmatismus Bessere Planung Weniger komplexe Arbeitsschritte;2020
Ein fairer Arbeitgeber;Manager in Ludwigshafen am Rhein, Deutschland;5.0;Ich mag die Flexibilität, das Work Life Balance, die netten Kollegen, der Job macht mir Spaß und ich kann Selbstständige Arbeit;Ich finde es schwierig mit den ständigen Verschiebungen der Strukturen umzugehen. Außerdem brauchen die Einheiten nicht alle paar Jahre neue Namen.;2020
Gutes Geld verdienen ist nicht alles in einem Unternehmen.;Mitarbeiter im Bereich Anonym in Hannover, Deutschland;2.0;Gute Bezahlung. Damit erträgt man einiges an Unzulänglichkeiten. Wer allein mit guter Bezahlung zufrieden ist, der ist hier richtig. Wer Gestaltungsmöglichkeiten und Wertschätzung sucht, der sollte sich einen anderen AG suchen.;Work-Life-Balance, Kinderbetreuungsmöglichkeiten, Führungsverhalten, Home Office Möglichkeit, Wertschätzung der Mitarbeiter, Unternehmerisches Handeln, Ausbildungsquote, Umgang mit Ressourcen, ...; 1. Dezember 2020
gut;Mitarbeiter im Bereich Medien in Ludwigshafen am Rhein, Deutschland;4.0;gute Bezahlung, tarifliche Extras, Benefits am Arbeitsplatz;Einführung des Jobtickets, flexiblere Arbeitszeiten;2017
Eine gute Entscheidung;Mitarbeiter im Bereich Anonym in Schwarzheide, Deutschland;4.0;Freie Einteilung der Arbeitszeit, Team- und Arbeitskultur, gute Abstimmung mit Vorgesetzten und Kollegen zu Aufgaben und Prioritäten;"Die Teeküche könnte ""wohnlicher"" gestaltet und des Teamgefühl in Coronazeiten könnte proaktiver organisiert werden. Versorgung über die Kantine könnte ausgewogener sein.";30. Nov 20
Hier kann man seine Talente einbringen;Senior Manager in Ludwigshafen am Rhein, Deutschland;5.0;Ausdrückliche Flexibilität und Freiheit. Es steht das Ergebnis und der Termin im Mittelpunkt, nicht das wo es gemacht wurde und wann.;Ausdrückliche Flexibilität und Freiheit. Es steht das Ergebnis und der Termin im Mittelpunkt, nicht das wo es gemacht wurde und wann.; 15. Oktober 2020
Sicherer Arbeitgeber;Mitarbeiter im Bereich Anonym in Ludwigshafen am Rhein, Deutschland;3.0;International, viele verschiedene Themen die man kennenlernt, sehr motivierte Kollegen, gute Benefits, Sicherheit, Lage des Unternehmens;International, viele verschiedene Themen die man kennenlernt, sehr motivierte Kollegen, gute Benefits, Sicherheit, Lage des Unternehmens;01. Okt 20
unbeweglich, starrsinnig, technisch ansprechend und gut zahlend;Mitarbeiter im Bereich Ingenieurwesen in Münster, Deutschland;1.0;Immer wieder schöne Kombinationsfähigkeit von chemischen Basiswissen und anwendungstechnischer Realität. Von wegen im Studium lernt man nichts fürs Arbeitsleben :-);Immer wieder schöne Kombinationsfähigkeit von chemischen Basiswissen und anwendungstechnischer Realität. Von wegen im Studium lernt man nichts fürs Arbeitsleben :-);2018
Klassischer Großkonzern, fühle mich hier sehr wohl;Mitarbeiter im Bereich Beratung in Limburgerhof, Deutschland;5.0;Offene Atmosphäre, Kollegialität, spannende Projekte, internationales Umfeld, Sicherheit und Finanzkraft eines Großkonzerns verbunden mit der Schlagkraft eines Mittelständlers;Offene Atmosphäre, Kollegialität, spannende Projekte, internationales Umfeld, Sicherheit und Finanzkraft eines Großkonzerns verbunden mit der Schlagkraft eines Mittelständlers;19. Dez 19
Sicherer Arbeitsgeber mit Fortbildungmöglichkeiten und starren Hierarchien;Mitarbeiter im Bereich Anonym in Ludwigshafen am Rhein, Deutschland;3.0;Sicheres Gehalt, prinzipiell gibt es diverse Stellen in verschiedenen Bereichen. Relativ gute Kantine. Viele Fortbildungmöglichkeiten.;Sicheres Gehalt, prinzipiell gibt es diverse Stellen in verschiedenen Bereichen. Relativ gute Kantine. Viele Fortbildungmöglichkeiten.;19. Dez 19
Von außen Hui, von innen so-lala.;Senior Manager in Ludwigshafen am Rhein, Deutschland;4.0;Sehr hohe Durchschnittsgehälter und Boni sowie weitere Sozialleistungen. Hohe Freiheitsgrade bei der Durchführung der Aufgaben. Zeitlich sehr flexibel.;Sehr hohe Durchschnittsgehälter und Boni sowie weitere Sozialleistungen. Hohe Freiheitsgrade bei der Durchführung der Aufgaben. Zeitlich sehr flexibel.;19. Dez 19
Wo viel Licht da viel Schatten;Mitarbeiter im Bereich Anonym in Ludwigshafen am Rhein, Deutschland;2.0;Die Vielfältigkeit der bearbeiteten Themen, die Internationalität des Unternehmens und ihrer Märkte, die Produkte der BASF;Die Fachkompetenz und Entscheidungsfreudigkeit der oberen Führungskraft. Die Vereinfachung der Arbietsprozesse. Das Mitarbeiterbewertungssystem und der daran gekoppelte variable Gehaltsanteil.;19. Dez 19
Solider Arbeitgeber;Mitarbeiter im Bereich Chemie in Ludwigshafen am Rhein, Deutschland;3.0;Großes Werk, viele unterschiedliche Möglichkeiten sich bei der Arbeit zu entfalten. Sozusagen viele kleine Werke in einem Standort vereint.;Weniger Ellenbogengesellschaft unter den Kollegen. Mehr Wissensweitergabe unter Kollegen währe erstrebenswert. Persönlichere Antwortschreiben bei der Bewerbung;2017
Toller Arbeitgeber;Mitarbeiter im Bereich Fertigung, Produktion in Würzburg, Deutschland;4.0;Der Zusammenhalt in der Gruppe und die Kommunikation zwischen Vorgesetzten und Mitarbeiter. Familienfreundlich. Guter Lohn;Soweit alles gut, sozialräume gut ausgestattet. Kantine gute Auswahl an Produkten und essen. Netter umgang; 17. Dezember 2019
Ein sehr gute arbeitgeber mit fast gar keine nachteile.;Mitarbeiter im Bereich Fertigung, Produktion in Münster, Deutschland;5.0;Sehr abwechslungsreich, international, sehr gute Bezahlung, sehr viele Aufstiegschancen, gute ausbildung, nette Atmosphäre und Sicherheit wird sehr groß geschrieben.;Sehr abwechslungsreich, international, sehr gute Bezahlung, sehr viele Aufstiegschancen, gute ausbildung, nette Atmosphäre und Sicherheit wird sehr groß geschrieben.; 17. Dezember 2019
Unternehms-Knowhow und fachliche Kollegen, aber langsam und intransparent;Mitarbeiter im Bereich Anonym in Münster, Deutschland;2.0;Flexibilität, Entscheidungsfreiheit, KnowHow, Diversität, Aufgabenfülle, Zeitkonto, Betriebsrente, Fortbildung, Schulungsmöglichkeit, Kantine, Büroausstattung, Austausch, Sport, Medizincheck, Bonus;Schnellere Entscheidungen, Offenheit, Führungsstil, Erwartungshaltung, Gehalt, Lohn, Kommunikation, Zwischenmenschliches, Loyalität, Vorgesetzte, Führung, EDV, IT, Schnelligkeit, Zukunftsidee, neue Geschäftsfelder; 17. Dezember 2019
befriedigend;Chemikant/in in Ludwigshafen am Rhein, Deutschland;4.0;gute Bezahlung, sehr viele Weiterbildungsmöglichkeiten;flexiblere Arbeitszeiten, bessere Abstimmung auf den einzelnen;28. Jan 19
Super Arbeitgeber;Chemikant/in in Ludwigshafen am Rhein, Deutschland;5.0;Flexibilität, gutes Gehalt, spitze Kollegen;Verbesserung der arbeitssicherheit, mehr Transparenz; 28. Januar 2019
"Solider Arbeitgeber; Führungsmannschaft muss sích wieder finden.";Mitarbeiter im Bereich Marketing in Ludwigshafen am Rhein, Deutschland;2.0;"relativ sichere Arbeitsstelle; gute Büroausstattung";"Unternehmenskultur ändert sich zum negativen; Führung wird immer losgelöster von den Arbeitern.";2018
Selbstständig in der Produktion;Mitarbeiter im Bereich Anonym in Ludwigshafen am Rhein, Deutschland;5.0;Ich arbeite inn einer Messwarte und habe somit viele Anlagen im Überblick. Kontakt zu Meisterei und anderen Vorgesetzten jeden Tag vorhanden und ist gut. Kann meine Arbeit teilweise ohne Anweisungen erledigen.;nichts kann man dort verändern, was meine Tätigkeit betrifft;28. Jan 19
Unmenschliche/unkompetente Firma;Mitarbeiter im Bereich Anonym in Ludwigshafen am Rhein, Deutschland;1.0;Geld, Prämien das war es auch schon;Arbeitssicherheit, Effizienz, Menschlichkeit, Kompetenzen, Anlagen, die ganze Struktur.;28. Jan 19
Die richtige Entscheidung war es in jedem Fall!;Industriemeister/in in Ludwigshafen am Rhein, Deutschland;5.0;Die perfekte Mischung. Verhältnis Lohn zur Zeit und Arbeitsleistung, im Verhältnis zur Guten Jobsicherheit. Job ist sehr abwechslungsreich. Es werden immer die neuesten Techniken verwendet.;Der Arbeitsweg dauert bei 11km oft 1 std!! Das nervt!;28. Jan 19
Weiter so;Chemielaborant/in in Ludwigshafen am Rhein, Deutschland;4.0;Sehr sozial und Arbeitnehmerorientiert. Gute Angebote zum Vermögensaufbau.;dazu kann ich nichts sagen;2018
BASF, könnte heute genauso gut ein US Unternehmen sein, leider...;Chemikant/in in Ludwigshafen am Rhein, Deutschland;1.0;Die aktuell noch gute Bezahlung, nach IGBCE Tarif.;Der Mensch/ Mitarbeiter (auch befristete), sollte wieder mehr in den Vordergrund gerückt werden und nicht nur Gewinnmaximierung;28. Jan 19
gute bezahlung und zufriedenheit mit arbeit;Mitarbeiter im Bereich Handel in Ludwigshafen am Rhein, Deutschland;4.0;abwechslungsreich und interessant in unserer abteilung;abwechslungsreich und interessant in unserer abteilung; 28. Januar 2019
Sicherer Arbeitgeber mit globaler Reichweite;Mitarbeiter im Bereich Anonym in Ludwigshafen am Rhein, Deutschland;4.0;Flexibilität, Kollegen und herausfordernde und abwechslungs reiche Aufgaben, zudem habe ich eine gute Einarbeitung erfahren;Führungskultur ist sehr auf den eigene Vorteil ausgerichtet, da man sixh in der Firma egal auf welche ausertariflichen Position alle paar Jahre weiterentwickeln sollte;28. Jan 19
Guter Arbeitgeber mit Einschränkungen;Mitarbeiter im Bereich Administration in Kassel, Deutschland;3.0;"Hohes Gehaltsniveau für die Region; Weiterentwicklungsmöglichkeiten gut; gute Work-Life-Balance; Gute Lage und Anbindung; Job Rotation möglich; international";"Flexiblere Strukturen, mehr Dynamik, weniger Bürokratismus, mehr Flexibilität; gerechtere Vergütungsverteilung; weniger Befristungen; mehr Transparenz; weniger Hierarchien";2018
Jeder sollte sich genau überlegen, ob er sich das antut;Mitarbeiter im Bereich Vertrieb und Verkauf in Ludwigshafen am Rhein, Deutschland;1.0;Das Gehalt entspricht der höhe des Schmerzensgeldes, daß man für sein Tun in diesem Unternehmen bekommt.;Das Unternehmen sollte über grundsätzliche Dinge in der Personalstruktur und des Umgangs mit den Mitarbeitern und Lieferanten nachdenken. Eine Unternehmenskultur sind nicht nur Worthülsen, sondern muß auch gelebt werden.; 23. November 2018
Unternehmensleitbild hat nichts mit der gelebten Realität zu tun.;Mitarbeiter im Bereich Management in Ludwigshafen am Rhein, Deutschland;1.0;Es gibt kostenlose Parkplätze und eine Kantine. Das Gehalt wird regelmäßig bezahlt. Ansonsten fällt mir nichts ein.;Das Unternehmen ist weder sozial, noch ethisch noch nachhaltig, wie so gerne dargestellt. Die meisten Mitarbeiter sind reine Kostenfaktoren und werden auch so behandelt.;23. Nov 18
Ein sehr guter Arbeitgeber.;Mitarbeiter im Bereich Anonym in Schwarzheide, Deutschland;4.0;- flexibele Arbeitszeitgestaltung, gute Weiterbildungsmöglichkeiten, einbringen von eigenen Ideen sehr gut möglich, sehr gute Zusammenarbeit im Team;Die Bürokratie und das sehr schwierige Umsetzen von neuen Dingen erschwert die Entwicklung des Standortes.;15. Nov 18
Solider Großkonzern mit vielen Möglichkeiten aber auch den Schattenseiten;Mitarbeiter im Bereich Beratung in Limburgerhof, Deutschland;5.0;Globales Arbeiten, Unternehmenskultur und Stimmung am Standort, überdurchschnittliches Gehaltspaket und Sozialleistungen, Work-Life-Balance (man muss sie sich halt auch nehmen), Vertrauensarbeitszei;"Weiterbildung und Karrierepfad zwar auf dem Papier zwar vorhanden, faktisch aber nicht vorhanden, man muss sich intensiv selbst darum kümmern, sofern man nicht als ""Talent"" gesichtet und gefördert wird. Übertriebenes ""Controller""-Denken, was zu unverständlichen Sparmaßnahmen führt bei einem weiterhin gut verdienenden Geschäft."; 7. November 2018
Top Arbeitgeber;Mitarbeiter im Bereich Keine Disziplin in Münster, Deutschland;5.0;Work Life Balance, gutes Gehalt, gute Chancen aufzusteigen, gute Führungskultur, Wertschätzung der Mitarbeiter, Image, soziales Engagement;Bei diesem.Unternehmen stimmt das Gesamtkonzept jedoch istTrägheit eines Konzerns sehr hoch und verlangsamt die Arbeit sehr.;2014
Wo der Innovationsgedanke zuhause ist, lässt sich sehr gut arbeiten.;Senior Manager in Ludwigshafen am Rhein, Deutschland;5.0;Thematische Vielfalt, hohe Freiheitsgrade, hohes Maß an Eigenverantwortung, flache Hierarchie, sehr gutes Miteinander, überdurchschnittliches Einkommen, hauseigener Inkubator und Venture Capital;Leider funktioniert die Klimaanlage schon seit langem nicht mehr, trotz Besuch der Techniker, diesen Sommer war ab und zu Arbeiten in der Sauna angesagt.;25. Okt 18
Zum Teil gut, zum Teil schlecht;Mitarbeiter im Bereich Anonym in Kassel, Deutschlandaktueller Mitarbeiter im 19. Oktober 2018;3.0;Mich überzeugen die interessante Aufgaben, welche man früh eigenständig übernimmt, und die damit verbundene hohe Eigenverantwortlichkeit;Verbesserungswürdig sind vor allem die Work-Life-Balance, sowie leistungsgerechte Entlohnung sowie leistungsgerechte Beförderung. Ebenso besteht seitens persönlicher Entwicklung Optimierungspotential.;19. Okt 18
Top Arbeitgeber;Mitarbeiter im Bereich Fertigung, Produktion in Würzburg, Deutschland;5.0;Abwechslungsreiches Arbeiten, nette Kollegen, tolle Arbeitszeiten, man lernt immer dazu und tolle Bezahlung und Gruppenmoral;Man sollte mehr für die Mitarbeiter tun auch privat und mehr auf die Wünsche eingehen;16. Okt 18
Spannende Engineering-Tätigkeit beim Top Global Player der Chemie;Mitarbeiter im Bereich Anonym in Ludwigshafen am Rhein, Deutschland;5.0;Die Tätigkeit ist durch das breite Technologiespektrum des Unternehmens fachlich sehr abwechslungsreich und spannend. Die Herausforderungen sind vielfältig und bieten stets Möglichkeiten zur Weiterentwicklung. Vor allem am Verbundstandort hat man die Möglichkeit, mit Betriebsbereichen, Instandhaltung, Turnaround Management u.v.A. zusammenzuarbeiten. Das erweitert den Horizont ungemein. Weltweit gibt es nur sehr wenige Unternehmen, die solche Gelegenheiten bieten.;In der Projektierung wird m.E. noch nicht zureichend sichergestellt, dass die Mitarbeiter Hands-on-Erfahrung sammeln, z.B. bei Inbetriebnahmen der Anlagen.;01. Okt 18
Gute Ellenbogen? Willkommen bei BASF!;Mitarbeiter im Bereich Chemie in Ludwigshafen am Rhein, Deutschland;2.0;Für das größte Chemieunternehmen der Welt zu arbeiten kann ein gewisses Ehrgefühl bewirken, was andere Unternehmen nicht von sich sagen können.;Weniger Ellenbogengesellschaft, keine Wissenshamsterrei, auch dort wird nur mit Wasser gekocht, ein Fakt welcher sich alle Mitarbeiter mal zu Herzen nehmen sollten; 2017
Speak English, organize your self and you'll be happy;Mitarbeiter im Bereich Anonym in Hamburg, Deutschland;1.0;Das Unternehmen zeichnet sich durch eine durch und durch indische Unternehmenskultur aus. Die Flexibilität ist im vollen Umfang gegeben, solange der Erfolg stimmt.;Indische Arbeitsbedingungen halten auch in deutsche Büros Einzug. Narzistisch geprägte Führungskräfte sind willkommen und keine Seltenheit.;21. Sep 18
Das war für mich nichts.;Mitarbeiter im Bereich Verkaufsberatung in Ludwigshafen am Rhein, Deutschland;1.0;Kantine war gut aber das war es auch.;Bessere Jobs kennen nur mit Vitamin B erreicht werden.;2018
Sehr zufrieden;Mitarbeiter im Bereich Anonym in Ludwigshafen am Rhein, Deutschland;5.0;Arbeitsatmosphäre, Gruppendynamik, offene Kommunikation, Internationalität;Bessere und gleichwertige Integrierung von Kontraktoren. Allein schon, dass ein Kontraktor, der andere BASF-Mitarbeiter unterstützt auch auf einer Telefonliste erscheint.; 22. August 2018
Tolle Firma;Mitarbeiter im Bereich Anonym in Münster, Deutschland;4.0;Stimmung, Moral, Kollegen, Arbeitszeit, Bezahlung;Gemeinschaft, Druck verringern, Hirarchien ändern,;20. Aug 18
Best in class in chemistry;Mitarbeiter im Bereich Anonym in Ludwigshafen am Rhein, Deutschland;4.0;Karrieremöglichkeiten, Diversität, Zusatzleistungen, Altersversorgung, Arbeitsplatzsicherheit;Karrieremöglichkeiten, Diversität, Zusatzleistungen, Altersversorgung, Arbeitsplatzsicherheit;17. Aug 18
Positiv ;Mitarbeiter im Bereich Montage und Bearbeitung in Ludwigshafen am Rhein, Deutschland;5.0;Ich liebe am meisten das GehBessere Vorgesetzte einstellen im Betriebalt ;;17. Aug 18
Für Chemiker immer noch die erste Wahl;Mitarbeiter im Bereich Anonym in Ludwigshafen am Rhein, Deutschland;4.0;Flexible Arbeit  Sabbatical war möglich ;Flexible Arbeit  Sabbatical war möglich ;16. Aug 18
Arbeitgeber am Rhein;Mitarbeiter im Bereich Elektrik in Ludwigshafen am Rhein, Deutschland;5.0;Bei diesem Arbeitgeber kann man nichts verbessern;Bei diesem Arbeitgeber kann man nichts verbessern;15. Aug 18
Nicht immer ist groß mit Gut gleich zu setzen;Mitarbeiter im Bereich Anonym in Ludwigshafen am Rhein, Deutschland;3.0;Es ist der größte Arbeitgeber in der Region und gut erreichbar;Es sind viel zu viele Bürokraten am Werk, denn letztendlich sind es die Schichtarbeiter die das Geld verdienen und nicht die die es verwalten.;13. Aug 18
Der Arbeitgeber für Technikinterresierte;Mitarbeiter im Bereich Handwerk in Ludwigshafen am Rhein, Deutschland;4.0;Moderne Technologien werden im Werk eingesetzt;Flexibele Arbeitszeiten, etwas mehr Personal;2018
Bewertung der BASF Se;Chemikant/in in Ludwigshafen am Rhein, Deutschland;4.0;Ich schätze bei der BASF sehr dass das Einkommen sehr gut ist.;Ich schätze bei der BASF sehr dass das Einkommen sehr gut ist.;2017
Guter Arbeitgeber mit hoher Vergütung und guten Verkehrsanbindungen;Chemikant/in in Ludwigshafen am Rhein, Deutschland;5.0;Die Gute Vergütung und die guten Weiterbildungsmöglichkeiten. Auch das Verhältnis zwischen Betriebsleiter und Arbeitern ist (sofern vorhanden) sehr gut.;Die Übernahme der Weiterbildungskosten (wird nur bei Bedarf übernommen).;03. Aug 18
Ein Arbeitgeber wie kein anderer;Mitarbeiter im Bereich Sicherheit in Ludwigshafen am Rhein, Deutschland;5.0;Qualität, Faires Gehalt, Kollegialität, Gesetze werden eingehalten;Die Firma bemüht sich ständig ihre Fehler auszustreichen, um besser zu werden. Es gibt somit keinen Punkt, der verbessert werden sollte;2015
Konzern schafft sich ab;Chemikant/in in Ludwigshafen am Rhein, Deutschland;2.0;Sicherheit bei Gehaltszahlung, Sozialberatung, Betriebsrat;Entwicklung der Mitarbeiter, Gehaltserhöhung, work life balance, Verantwortung übernehmen; 2. August 2018
Mehr Schein als Sein. Geld kompensiert Ideenlosigkeit.;Senior Manager/in in Ludwigshafen am Rhein, Deutschland;3.0;Wirtschaftliche Absicherung, Altersversorgung, Zusatzleistungen, Gehalt;Verkrustete Führungsstrukturen aufbrechen. Personalprogramme und Konzepte sind nur Fassade. Am Ende zählen Nasenfaktor und Seilschaften.;01. Aug 18
BASF SE, ein Weltkonzern der die MA ohne Akademischen Grad vergessen hat.;Mitarbeiter im Bereich Bauwesen in Ludwigshafen am Rhein, Deutschland;3.0;Die Aufstiegsmöglichekeiten sollten nicht von einem Akademischen Grad abhängen. Leider zu viele Ing. und Dr. Die Meister, Techniker und alle anderen qualifizierten Mitarbeiter lässt man am ausgestreckten Arm verhungern. die den laden. Diese sind das Öl das das Getriebe schmiert und am Laufen hält.;Die Aufstiegsmöglichekeiten sollten nicht von einem Akademischen Grad abhängen. Leider zu viele Ing. und Dr. Die Meister, Techniker und alle anderen qualifizierten Mitarbeiter lässt man am ausgestreckten Arm verhungern. die den laden. Diese sind das Öl das das Getriebe schmiert und am Laufen hält.;2016
An sich ein sehr guter Arbeitgeber. Aber schwer reinzukommen;Chemikant/in in Ludwigshafen am Rhein, Deutschlandaktueller Mitarbeiter im 30. Juli 2018;4.0;Sicherheit des Arbeitsplatzes, Flexibilität durch Gleitzeit;Sparpolitik auf Rücken der Mitarbeiter kann verbessert werden;30. Jul 18
Job 2017!!!!!!!!Beim Arbeitgeber der Metropolregion....;Mitarbeiter im Bereich Anonym in Ludwigshafen am Rhein, Deutschland;5.0;Ich mag die flexiblen Arbeitszeiten, die abwechslungsreichen Aufgabengebiete und die zusätzlichen freiwilligen sozialen Leistungen die der Arbeitgeber aufbringt. Weiterbildung möglichkeiten sind auch gegeben und werden gefördert.;Neue Parkhäuser/Parkplätze für die Mitarbeiter könnten gebaut werden.;27. Jul 18
BASF ein Unternehmen für uns mit den Mitarbeitern;Mitarbeiter im Bereich Management in Ludwigshafen am Rhein, Deutschland;5.0;Sehr abwechslungsreich und bietet für jeden Typ Möglichkeiten;Karrieremöglichkeiten über Bereiche hinweg müssen verbessert werden;27. Jul 18
Ich bin glücklich dort zu arbeiten.;Mitarbeiter im Bereich Recht in Ludwigshafen am Rhein, Deutschland;5.0;Internationales Umfeld, herausfordernde Arbeit und (dennoch) sehr kollegiale Zusammenarbeit;"Transparenz der Gehaltsentwicklung und Aufstiegsmöglichkeiten; Weiterbildungsmaßnahmen sollten ausgeweitet werden.";27. Jul 18
Toller Arbeitgeber;Mitarbeiter im Bereich Anonym in Ludwigshafen am Rhein, Deutschland;5.0;Arbeitgeber mit langer Tradition und Firmenkultur.;Nichts. Alles ist gut wie es ist.;26. Jul 18
Top Arbeitgeber;Industriemeister/in in Ludwigshafen am Rhein, Deutschland;5.0;Tradition, Soziales, Altersversorgung, Gesundheitswesen, Bezahlung;Produktionsmitarbeiter einstellen, Bürokratie abbauen, schlankere Strukturen;26. Jul 18
Empfehlenswerter Arbeitgeber;Chemielaborant/in in Ludwigshafen am Rhein, Deutschland;4.0;Flexible Arbeitszeiten, Vergünstigungen wie Pensionskasse, persönliche Erfolgsbeteiligung;Stimmung verbessern, indem der einzelne Mensch mehr im Vordergrund steht, wertgeschätzt und anerkannt wird; 12. März 2018
Guter Arbeitgeber.;Chemikant/in in Ludwigshafen am Rhein, Deutschland;4.0;Gute Qualifikation, besonderes Arbeitszeitmodell (Schichtarbeit), angemessene Bezahlung.;Die Arbeitszeitflexibilität ist im Schichtbetrieb teilweise nicht so einfach.; 12. März 2018
Toller Arbeitgeber;Mitarbeiter im Bereich Anonym in Ludwigshafen am Rhein, Deutschland;4.0;interessante Aufgaben und nette Kollegen;interessante Aufgaben und nette Kollegen; 9. März 2018
Sehr engagiert, dennoch ausbaufähig;Mitarbeiter im Bereich Fertigung, Produktion in Schwarzheide, Deutschland;4.0;Arbeiten im Team wird geboten und dazu ist es eine sehr gute Arbeitsatmosphäre, da alle gut miteinander auskommen, dazu ist das Gehalt auch sehr ansprechend. Viele Aufgaben und viel interessantes welches ein Mischung aus technischem und chemischem ist.;Auf Leiharbeiter verzichten. Die sind oft nicht vom Fach und müssen zusätzlich überwacht werden. Sie sind kann keine Hilfe für uns, sondern zusätzliche Arbeit.;2018
An Anhieb die BASF gefunden;Mitarbeiter im Bereich Chemie in Ludwigshafen am Rhein, Deutschland;5.0;ich arbeite im Polystyrolbereich, komme dort mit verschiedenen Herstellungsverfahren in Kontakt und erweitere so meinen Horizont. Schichtarbeit macht mir Spaß, ich habe so auch tagsüber oft die Möglichkeit Dinge zu erledigen.;Auf Leiharbeiter verzichten. Die sind oft nicht vom Fach und müssen zusätzlich überwacht werden. Sie sind kann keine Hilfe für uns, sondern zusätzliche Arbeit.;07. Mrz 18
Größere Arbeitgeber am Rhein;Mitarbeiter im Bereich Elektrik in Ludwigshafen am Rhein, Deutschland;5.0;Toller Arbeitgeber, gutes geld, aufstiegschancen;Nichts könnte man verbessert. Alles gut;2018
Größere Arbeitgeber am Rhein;Mitarbeiter im Bereich Anonym in Ludwigshafen am Rhein, Deutschland;3.0;In unserem Team herrschen flache Hierarchien.;Es mangelt an Transparenz bei Prozessen und beim Thema Entwicklung der Mitarbeiter.;07. Mrz 18
Ich habe vor 30 Jahren die richtige Entscheidung getroffen.;Industriemeister/in in Ludwigshafen am Rhein, Deutschland;5.0;als Schichtführer ist mein Aufgabengebiet sehr umfangreich. In meinem Alter gefällt mir, daß ich geistig weit mehr gefordert bin, als körperlich.;Schicht ist Schicht und wird es immer bleiben. Farben, Lichter etc. sind Beiwerk, welches nachts nicht hilft.; 21. Februar 2018
Sehr sozial eingestellter Arbeitnehmer;Mitarbeiter im Bereich Chemie in Ludwigshafen am Rhein, Deutschland;5.0;Schichtarbeit im 12-Std-Rythmus ist sehr angenehm. Besser als 8 Std-Rhythmus. Sozialstatus gegenüber Arbeitnehmer optimal und sehr gute Bezahlung;"Informationsfluss gegenüber den ""normalen"" Arbeitern"; 21. Februar 2018
Guter Arbeitgeber mit Makeln;Mitarbeiter im Bereich Anonym in Ludwigshafen am Rhein, Deutschland;3.0;Gehalt, Lebensqualität in der Region, globale Präsenz;Transparenz in Personalprozessen (ohne Vitamin B geht nichts), Transparenz beim Gehalt/Jobgrade, generell herrscht seit einigen Jahren eine Angstkultur - damit kommt das Unternehmen nicht vom Fleck, interne Prozesse werden immer aufwändiger und komplizierter - das ist ein schlechter Trend; 24. Oktober 2017
Außen hui, innen Teils pfui;Mitarbeiter im Bereich Fertigung, Produktion in Münster, Deutschland;4.0;Gute Bezahlung, sicheres arbeiten, interessante Tätigkeit;Mehr für Produktionsmitarbeiter tun,wie neue Sozialräume,Umkleiden und für Schichtarbeit angepasste Kurse und Afterwork.Mehr fachliche Förderung.Besseres und vor allem funktionierendes Equipment;05. Feb 17
