Column1;title;author_info;rating;pros;cons
0;Super;5. Mai 2023 - Chemikant und Anlagenfahrer;5;Gutes Gehalt, gute Arbeitszeit, gute Kollegen, lecker essen!;Ein riesiger laden etwas zu groß für mich
1;Verbesserungsvorschläge für eine noch bessere Arbeitsumgebung bei BASF;20. Mai 2023 - Anlagenmechaniker;4;Globale Präsenz: BASF ist ein multinationaler Chemiekonzern mit Standorten auf der ganzen Welt. Das bietet Ihnen die Möglichkeit, in einem internationalen Umfeld zu arbeiten und Ihre Karriere global auszurichten. Vielfältige Karrieremöglichkeiten: BASF bietet eine breite Palette von Karrieremöglichkeiten in verschiedenen Geschäftsbereichen und Funktionen. Sie können Ihre Fähigkeiten und Interessen in Bereichen wie Forschung und Entwicklung, Produktion, Vertrieb, Marketing, Finanzen und vielem mehr einbringen. Innovationsführerschaft: BASF ist bekannt für seine Innovationskraft und investiert erheblich in Forschung und Entwicklung. Als Mitarbeiter haben Sie die Möglichkeit, an wegweisenden Projekten und Technologien mitzuarbeiten und einen Beitrag zur Lösung globaler Herausforderungen zu leisten. Nachhaltigkeit: BASF engagiert sich für Nachhaltigkeit und verfolgt das Ziel, nachhaltige Lösungen zu entwickeln und umweltfreundliche Praktiken zu fördern. Wenn Sie an einer Karriere mit positivem Einfluss auf die Umwelt interessiert sind, bietet Ihnen BASF entsprechende Möglichkeiten. Arbeitskultur: BASF legt Wert auf eine offene und kooperative Arbeitskultur. Teamarbeit, Vielfalt und gegenseitige Unterstützung werden gefördert. Das Unternehmen bietet auch verschiedene Programme zur Mitarbeiterentwicklung und Work-Life-Balance.;Größe und Komplexität: Als globaler Konzern mit einer Vielzahl von Geschäftsbereichen und Standorten kann die Größe und Komplexität von BASF manchmal zu bürokratischen Prozessen und Entscheidungsfindung führen. Es kann Herausforderungen geben, um Flexibilität und schnelle Veränderungen umzusetzen. Arbeitgeberabhängigkeit: Als einer der größten Arbeitgeber in der Chemieindustrie kann BASF von wirtschaftlichen Schwankungen und Veränderungen in der Branche beeinflusst werden. Dies kann zu Unsicherheit bezüglich der Stabilität und Arbeitsplatzsicherheit führen. Hohe Erwartungen und Arbeitsbelastung: Die Arbeit in einem großen und globalen Unternehmen wie BASF kann mit hohen Erwartungen und einem anspruchsvollen Arbeitsumfeld verbunden sein. Der Druck, Ergebnisse zu liefern und mit den Anforderungen Schritt zu halten, kann zu einer erhöhten Arbeitsbelastung führen. Reisetätigkeit und Standortwechsel: Je nach Aufgabenbereich kann die Arbeit bei BASF mit Reisetätigkeiten oder sogar Standortwechseln verbunden sein. Dies kann Auswirkungen auf die Work-Life-Balance und persönliche Bindungen haben. Konkurrenz und interne Mobilität: Aufgrund der Größe des Unternehmens und des Wettbewerbs innerhalb der Organisation kann es manchmal schwierig sein, sich innerhalb von BASF intern zu bewegen oder Karrierechancen zu nutzen.
2;Gutes Gehalt, flexible Zeiten;23. Mai 2023 - Industriemechaniker;4;Das Einstiegsgehalt ist für einen Ausbildungsberuf wirklich super. Auch die Arbeitsumstände sind gut, da die körperlich harten Aufgaben häufig von Fremdfirmen übernommen wird. In meinem Bereich war ich auch sehr zufrieden mit dem Führungspersonal und dem allgemeinen Betriebsklima.;Aufstiegsmöglichkeiten aufgrund der hohen Menge an Leuten mit Techniker & Meister beschränkt.
3;Nettes Team, gute Erfahrung;16. Mai 2023 - Werkstudent;3;Team, Einblicke, Support... Es hat Spaß gemacht und ist für einen Einblick gut geeignet.;Die Organisation hat zeitweilig zu wünschen übrig gelassen.
4;Führen durch Intransparenz;5. Mai 2023 - Ingenieur;2;Kündigungsschutz (betrieblich bedingt) von 5 Jahren;Management, Führungskräfte und das gesamte System werden funktionieren nur mit maximaler Intransparenz, damit normale Mitarbeiter zwar extrem viel, dabei aber möglichst klein gehalten werden sollen.
5;Umtrukturierung hat Teams kaputt gemacht;26. Apr. 2023 - Finance Senior Specialist;2;sicherer Arbeitsplatz mit viel Entfaltungsmöglichkeit, wenn man proaktiv von Abteilung zu Abteilung springt.;Gehalt im Vergleich zum Workload unfair.
6;Guter Arbeitgeber;29. Apr. 2023 - Senior DevOps Engineer;3;Sicherer Arbeitsplatz, gute Arbeitsauslastung, Homeoffice;Schlechte Karrieremöglichkeiten als Experte, viele Stabs und Managementstellen
7;generell ist es gut;12. Apr. 2023 - Werkstudent;5;Attraktive Aufgaben, flexible Arbeitszeit und -ort;Langes Warten auf neue Aufgaben
8;Gut;5. Apr. 2023 - HR Generalist;5;Gehalt sowie die Kollegen und Vorgesetzten;Umzug nach Berlin war vorgesehen
9;BASF;15. Jan. 2023 - Laborteamleiter;4;-Großes Unternehmen -Gute Kantine -Vielfältige Arbeit;-Sehr bürokratisch -Langsam bei Innovationen
10;Schlechteste Berufserfahrung;28. Dez. 2022 - Praktikant;1;-sicherer Job - bekanntes Unternehmen;- alte konservative Strukturen - Greenwashing der Mitarbeiter - Frauen kaum in Führungspositionen vertreten (diversität) - Schlechter kollegialer Umgang - stark hierarchisches Unternehmen
11;Großkonzern als Arbeitgeber;15. Dez. 2022 - Freight Cost Manager;4;Flexible Arbeitszeit,Home Office,Möglichkeit im Ausland zu arbeiten;Gehalt , hohe Arbeitsbelastung, Karrierewege häufig fest vorgegeben
12;Flexibilität aber schlechte Bezahlung;4. Nov. 2022 - Kaufmännische Angestellte;3;Man kann flexibel arbeiten , auch im Home Office und im Ausland;Die Bezahlung ist sehr sehr schlecht. Habe deshalb gekündigt. Deshalb herrscht auch eine hohe Fluktuation weshalb sich ständig Ansprechpartner ändern und die Mitarbeiter keine Ahnung haben.
13;Bester Arbeitgeber, Sehr Fair;6. Nov. 2022 - Director;5;Hohes Gehalt, Flexible Arbeitszeiten, Niedrige Workload, Teure Firmenwagen möglich;Ludwigshafen ist eine sehr hässliche Stadt. Man kann da arbeiten, aber zum Wohnen zieht man besser woanders hin
14;It depends;18. Apr. 2022 - Team Lead Web Development;3;"BASF is huge. If you aim for career and you're willing to put some effort in it, you'll always get what you want. And not only in terms of career, BASF will always offer you a way to do basically everything, e.g. Paternity Leaves, Sabbatical (even payed which is awesome). achieve personal goals or help you even with personal problems. We'er very social here, very free of how we do our work and not only since the ""agile"" trend.";There's a huge difference between BASF Berlin and other BASF Companies, which makes working in Berlin way more unattractive. Further, due to it's size and german regulations BASF is very slow most of the time in many especially HR related decisions. I believe the digital strategy is inappropriate.. but well, that's just personal oppinion
15;Angebliche Übernahme;21. Nov. 2022 - Digital Expert;3;gutes Einkommen starkes Teamwork stabiles Unternehmen mit Wurzeln;versprechen auf Übernahme angeblich wegen Gaskriese gescheitert keine flache Hierarchien
16;Spannende Aufgaben;1. Nov. 2022 - Business Development Manager;2;- spannende Aufgaben - gute Gehaltssteigerung sofern man nicht bei der Service GmbH angestellt ist;- Vertrauensarbeitszeit für fast alle Mitarbeiter - Vorgesetzenverhalten
17;Arbeitsplatz;5. Nov. 2022 - Praktikant/in;5;Gute Vernetzung, sehr gute Eindrücke;Schwache Kommunikation zwischen verschiedenen Abteilungen
18;Optimale Verhältnisse;3. Aug. 2022 - Projekt-/Verfahrensingenieur;5;Positive Punkte: Gehalt ist in Ordnung Arbeitsklima sehr angenehm Strukturen sind vorhanden und praktisch Teamplay ist größtenteils vorhanden;Negative Punkte: -Großes Unternehmen und dadurch manchmal träge -Gehaltsentwicklung akzeptabel
19;Guter Einstiegsjob;28. Juli 2022 - Senior Controller;4;Flexibilität, nette Kollegen und auch Führungskräfte;geringes Gehalt für viel eintönige Arbeit, häufige Änderungen der Struktur und der Teams. Ungerechte Aufteilung der Aufgaben.
20;Werkstudent BASF;29. Juli 2022 - Werkstudent;5;Nette und freundliche Kollegen Gute Bezahlung;Sehr viele sich wiederholende Routineaufgaben, die eher langweilig sind im Data Entry
21;Regulatorische Produktbetreuung;2. Juli 2022 - Product Stewardship;4;Gutes Gehalt, dank Corona relativ flexible Arbeitszeit, viel Interaktion mit unterschiedlichen Geschäftsbereichen, interessantes Aufgabenfeld;Leider muss man doch sehr um gerechte Bezahlung innerhalb des Unternehmens kämpfen
22;Einarbeitung gut - danach flach Lernkurve;30. Mai 2022 - Werkstudent;3;super nettes Team, viele Aufgaben in einem intern. Unternehmen.;man wird bei vielem alleine gelassen, Onboardings sind zunächst ganz umfangreich. Hinterher musste man sich vieles aus dem Finger saugen und hatte Glück, wenn es funktioniert hat.
23;sehr gut;8. Juli 2022 - Bereichsleitung;5;eine nachhaltiges und zukunftsträchtiges Unternehmen;fallen mir wirklich keine ein
24;Open and Super-friendly environment;12. Apr. 2022 - Collection Officer;5;Wie ein Koloss, den ich irgendwo als sehr langweilig in Erinnerung hatte, mich mit einer sehr positiven Arbeitskultur angenehm überrascht hat. Offen, superfreundlich, diverse, ein Auge für das menschliche Maß und echte Entwicklungsmöglichkeiten.;Nach drei Monaten hat mich noch nichts negativ überrascht.
25;/;5. Juli 2022 - Posdoctoral Researcher;2;Nice people to work with;Poor work life balance in general
26;Verbesserungswürdig;1. März 2022 - Senior Reporting Specialist;3;Man kann viel Erfahrung sammeln Die Sport Mitgliedschaft ist die beste Die Kollegen sind jung und freundlich;"Das Gehalt Die ""Kantine"" Andere Benefits (Aktien, Mobilität, Parkplätze)"
27;Seriöser Arbeitgeber - wenige Benefits;10. März 2022 - Studentische Aushilfe;3;Rücksichtnahme auf das Studium Flexible Arbeitszeitgestaltung Kollegiales Umfeld;Starre Arbeitsprozesse mit wenig Handlungsspielraum Fehlende Wertschätzung
28;Ein wunderbares Unternehmen;1. Feb. 2022 - Masterand;5;Man hat die Möglichkeit, sich mit spannenden Aufgaben und Herausforderungen zu beschäftigen. Die Arbeitsatmosphäre war sehr gut.;Während der Pandemie mein Praktikum und Masterarbeit komplett digital.
29;Junior Controller;4. März 2022 - Junior Controller;2;Flexibility Good location Nice management and automation Valuable experience;Low pay Less transparent Lots of cost cutting
30;keine;7. Feb. 2022 - Praktikant/in;5;tolle atmo, und die Mitarbeiter wird sehr gut geschätzt;Manchmal bei der Plannung wird nicht so viel drauf geachtet
31;Bequem aber nicht Zukunftsgerichtet;1. Feb. 2022 - Chemielaborant;4;Gehalt Absicherung Urlaub Gutes Team Relativ viele Freiheiten ... mehr Wörter warum auch immer;Unflexibel Altbacken Technologisch Rückständig Monolithisch Schwerfällig spontanen Trends gegenüber
32;Good work-life balance;22. Jan. 2022 - Financial Controller;4;Mobile working, even remote working, which contribute to good work life balance.;a little high rate of turnover
33;-;26. Jan. 2022 - Prozessmanager;4;Interesting projects, very competent colleagues, competitive salary.;Slow career progression, slow decision making processes.
34;Alles Top!;17. Jan. 2022 - SAP Security and GRC Consultant;5;Prima Herausforderungen, nette Kollegen und Kunden;Es sind mir keine Kontras bekannt.
35;Alles Suppi;21. Dez. 2021 - Wirtschaftsingenieur;5;Top Top Top Kollegen Umfeld usw.;Bisher keine Kontras bei der BASF gefunden
36;Top Arbeitgeber;13. Dez. 2021 - Chemikant;5;Tolle Kollegen gehabt, immer abwechslungsreiche Arbeit;Schichtarbeit ist nicht zu unterschätzen
37;Super Arbeitgeber;6. Dez. 2021 - Ingenieur;4;Sicherheit, Stabilität, gute work life Balance, gute Entwicklungsmöglichkeiten;Lange und zähe Kommunikationswege Atmosphäre teilweise im Team nicht gut
38;Wenig Empowerment / sonst OK;2. Dez. 2021 - Director;3;Solides Unternehmen, große Sicherheit, Altersversorgung, Work Life Balance;träge, schwierige Enstcheidungsprozesse, fehlendes Empowerment, wenig Perspektiven
39;okay aber nicht gut;5. Dez. 2021 - Recruitment Specialist;3;Stetig Arbeitsbalance Sehr gute Kollegen Zentrale Lage Gutes team Management;Niedrieges Gehalt wenig Anerkennung kleine Herausforderung Wenig Optionen Wenig Diversität
40;Perfekter Fit zwischen Kunden- und Mitarbeiterorientierung;22. Nov. 2021 - Product Manager;5;Zukunftsorientiert, loyal zu Mitarbeiter, nachhaltig;manchmal in Entscheidungen noch nicht schnell genug
41;Adi;19. Nov. 2021 - Custimer Service Representative;3;Zukunftsicher Job das Geld Kommt pünktlich;Ungeldudich Entfernung nicht immer nette Kollegen
42;Gut wenn man schnell einen Job braucht;10. Juni 2021 - Anonymer Mitarbeiter;1;- Schneller Bewerbungsprozess - Gut, wenn man keine Ambitionen hat und damit ok ist, ein kleines und unbedeutsames Rad im System zu sein und unter ständigem Druck zu arbeiten.;- schlechte Bezahlung - Überarbeitung - Keine Entwicklungsmöglichkeiten: obwohl Angebote vorhanden sind, kann man diese nicht wahrnehmen, da man im Tagesgeschäft versinkt - Jahresbonus super klein, obwohl es dem Unternehmen gut geht (trotz Corona). - Es wird überall wo es möglich ist gespart - Veraltetes Managementsystem - Management zeigt keine emotionale Intelligenz - Sehr hohe Mitarbeiterfluktuation - Rigide Struktur in der Hierarchie - Talente werden nicht erkannt
43;Ok;10. Nov. 2021 - Sachbearbeiter/in;4;Gute stimmung Gute Kantine Nette Kollegen;Es ist ein ganz normaler Job
44;Gute Firma;19. Aug. 2021 - Chemikant und Anlagenfahrer;4;Gutes Gehalt und sozial Leistung. Es ist sehr sicher bei BASF zu arbeiten.;Man muss alles selbständig lernen und manche Ingenieure denken, dass die Chemikanten dumm sind.
45;Business Reporting;29. Aug. 2021 - Senior Controller;3;Jobsicherheit ist ein sehr großer Vorteil.;Mitarbeiterfluktuation ist leider sehr hoch. Gehalt durch Tarifvertrag geregelt und nicht sehr hoch.
46;Accounts receivable;13. Aug. 2021 - Officer Accounts Receivables/Credit Management;1;They accept people not speaking German with English is enough in other hand do meeting sometimes only in German. They accept people not speaking German with English is enough.;They avoid give a permanent contract principally when woman’s is pregnancy. And offer bad proposes to contract again with other temporary contract.
47;sicherer Arbeitgeber;1. Sept. 2021 - Manager/In;4;Sicherer Job Vielfalt Gute Bezahlung Wechsel möglich Kollegiales Umfeld;Groß Träge Sehr regelbasiert Überreguliert Nicht agil HR Prozess nicht vollkommen transparent
48;Sicherer Arbeitgeber mit Nachteilen im Gehalt und wenig Wertschätzung für technisches Know-How;11. Apr. 2021 - Produktentwickler;3;+ Sicherer Arbeitgeber + Arbeitnehmerfreundliche Umgebung & Regeln;+ Starre Strukturen und wenig Innovation + Keine Wertschätzung von fachlichem, technischen Know-How
49;Toll;27. Aug. 2021 - Chemical Engineer;5;Es wurde immer Leistung gefordert;Es gab wenig Aufstiegschancen für mich
50;Solide, manchmal etwas zu konservativ und zu wenig unternehmerisch;31. Mai 2021 - Patent Attorney;4;solide, gründlich, sicher, vielseitig aufgestellt;zu viele Bedenken / zu wenig risiko-bereit
51;Gut für den Lebenslauf;14. Juli 2021 - Praktikum;3;Hohe Lernkurve, nette Mitarbeiter, gut im Lebenslauf;Wenn man keine Eltern hat, die einen finanzieren, dann kann man sich das Praktikum nicht leisten
52;Tolles Unternehmen;25. Mai 2021 - Trainee;4;Soziales Unternehmen, das spannende Aufgaben verteilt und bei dem man sich gegenseitig unterstützt. Auch in der Krise halten alle zusammen.;Man ist halt nicht Ludwigshafen ...
53;Stellenbeschreibung unpassend;27. Apr. 2021 - Wirtschaftsingenieur;2;nette Kollegen im Team, gegenseitige Unterstützung;inkompetente Führungskraft, Stellenausschreibung unpassend, Unterforderung, keine Aussicht auf persönliche Entwicklung
54;Alles gut;9. Juni 2021 - Engineer;4;Alles gut, Arbeit ist in Ordnung;Nichts, manchmal gibt es viel Stress
55;vertrauensvoller Arbeitgeber;27. Mai 2021 - Industriekaufmann;5;Dankt einem den Einsatz ehrlich und unterstützt beim Lernprozess;Manchmal kommt es zur Überbelastung der MA
56;Super Firma!;30. Mai 2021 - Produktionsmitarbeiter;5;Es wird alles für den Mitarbeiter getan!;Nichts wesentliches, was man kritisieren kann
57;Top-Firma mit Verantwortung;29. Apr. 2021 - Bachelorand;5;Absolut Arbeitnehmerfreundlich, Förderung bei Engagement;Probleme teilweise unnötig kompliziert, es wird mehr besprochen als gehandelt
58;*;7. Juni 2021 - Payroll Specialist;2;Lage, Kollegen und der renomierte Name;Entwickmungsmöglichkeiten, Gehalt und die angekündigten Sparmaßnahmen
59;Nein Danke;15. Juli 2021 - Anonymer Mitarbeiter;1;Zentrale Lage im Berliner Osten;Chaotische Struktur, fehlende Wertschätzung, schlechtes Gehalt in Berlin
60;Innovatives Arbeitsumfeld und angenehme Stimmung;23. Apr. 2021 - Key Account Manager;4;- Gutes Gehalt - Entspanntes Arbeitsumfeld - Ergebnisorientierte Arbeitseinstellung;- Typisch Deutsches Unternehmen - Leicht bürokratisch
61;Eigenverantwortung und Abwechslung;14. Dez. 2020 - Werkstudentin Interne und Online Kommunikation;5;Als Werkstudentin wurden mir bereits nach kurzer Zeit eigene Projekte gegeben, ich habe in verschiedenste Bereiche Einblicke erhalten, und es gab immer wieder neue Herausforderungen. Ich wurde sehr gut von meiner Vorgesetzten angeleitet und habe mich in der Einheit sehr wohl und respektiert gefühlt. Auch Werkstudenten erhalten gute Benefits.;In so einem großen Unternehmen muss man sich erstmal einfinden, dabei wurde mir jedoch geholfen und genug Zeit gegeben.
62;Guter Einstieg;10. Apr. 2021 - Patentrechercheur;5;Am Anfang wird man gut gefördert, geforderte Leistung ist ok;Manchmal sollte die Personalabteilung etwas professioneller sein.
63;Tolle Einblicke in die Chemiewelt;13. Apr. 2021 - Volontär/in;5;Tolle Einblicke in die Welt der Chemie;sehr chemische Einblicke aber spannend
64;BASF SE - Berlin;8. Apr. 2021 - Anonymer Mitarbeiter;3;Als große internationale Firma gibt es viele Möglichkeiten andere Themengebiete zu erkunden.;Starre Strukturen und geringes Gehalt
65;Keine Strategie-keine Phantasie;28. Feb. 2021 - Vice President;3;Vorteile der BASF SE als Mutterunternehmen;"Seit Jahren dümpelt das Geschäft, keine Strategie vorhanden, ausser von der MA ""mehr"" zu fordern"
66;BASF Services Europe GmbH;9. Apr. 2021 - Senior Officer;4;Nette Kollegen, mobiles Arbeiten, Onboarding-Programm;Die Fluktuation ist relativ hoch
67;Fallender Riese;24. Feb. 2021 - Manager Kommunikation;3;Wer einen SE Vertrag hat, hat wenig zu befürchten;Einsparungen zerstören Unternehmenskultur und Loyalität der Mitarbeiter
68;Tolle Zeit;22. Feb. 2021 - Masterarbeit;5;Sehr gute Unterstützung bei der Erstellung der Masterarbeit;Es gibt nichts zu bemängeln
69;.;11. Mai 2021 - Accountant;1;leichte und schnelle Bewerbung internationelle Umgebung;nidriges Gehalt schlechtes Management kein Aufstieh moeglich
70;Sehr guter Arbeitgeber;20. Jan. 2021 - Laboratory Lead Ecotoxicology;5;Hoher Schutz der Angestellten Gutes Gehalt Teamarbeit auf entsprechenden Ebenen;Zu komplexe Prozesse die sehr verlangsamen Unnötige hierarchische (konventionelle) Strukturen und Verhaltensweisen der OF
71;Da geht was in der Zukunft;29. Jan. 2021 - Ingenieur;4;Modern, international, Gehalt, Karriere, Reisen;EDV, Abläufe, Prozesse, Regeln, Ausstattung
72;Gute work-life Balance;10. Jan. 2021 - HR Specialist;3;Möglichkeit zu Entwicklung und eine gute work-life Balance. Home Office möglichkeiten auch ohne Corona. Junges und internationales Team.;Das Gehalt liegt unter dem branchenstandard.
73;Klasse;12. Nov. 2020 - Bereichsleiter Logistik;5;Alles gut bei der BASF.;Keine!Es ist alles gut bei BASF
74;Gute Anstellung;11. Okt. 2020 - ingénieur;4;Nicht nur Gehalt, sondern auch Extras (Essen, Urlaubsgeld, 13 Gehalte...);Teilweise schwierige Arbeitsatmosphäre, sonst alles perfekt
75;Aniliner forever!;26. Sept. 2020 - Laborleiter;5;Sehr sicheres Arbeitsumfeld mit vielen Entfaltungsmöglichkeiten. Für Chemiker immer eine gute Entscheidung hier anzufangen.;Teilweise recht konservative Strukturen im Unternehmen.
76;Prima Nebenjob;9. Sept. 2020 - Werkstudent;4;Hohes Gehalt, nette Kollegen, interessante Tätigkeiten;Wenig Kommunikation, hoher workload, wenig verständnis
77;"Langsamer Konzern; Abteilung entscheidet";15. Apr. 2020 - Werkstudent;3;Work-Life Balance, Gehalt, Kantine, Arbeitsbedingungen hier gibt es wenig beanstanden.;"Die BASF ist ein riesiger Konzern und das merkt man an allen Ecken und Ecken. Entscheidungen werden mühsam gefällt, es bewegt sich über Monate nicht viel. Die Arbeitsweise hängt im wesentlichen von der Abteilung ab. Ich hatte schlicht Pech. Die ganze Abteilung war durchzogen von schlechter Laune, Missmut und einer ""ich-mach-nur-das-was-ich-soll"" Mentalität. Meine Arbeit wurde kaum gewertschätzt. Nachdenken und Mitdenken war nicht vorgesehen. Unter diesen Vorraussetzungen kein Arbeitgeber für mich. Andere Abteilungen können sicherlich anders ticken, auch wenn ich hierzu keine Informationen habe."
78;Hoch-professionell, aber schwerfällig und politisch;13. Okt. 2017 - Director;4;- Fürsorge für den Mitarbeiter - Höchste Professionalität in fast allen Disziplinen - Organisationskonzept vermutlich das Richtige für die Basischemie - Es gibt noch sehr unternehmerische Ecken und Kollegen, die Freunde fürs Leben werden - Internationalität;- Bürokratisch, schwerfällig und politisch - Überkomplexe Organisation verhindert, dass einzelne entscheiden können - Dem Management nach dem Mund zu reden ist wichtiger als echte Leistung
79;Großer Tanker auf dem Ozean - langsam, aber unsinkbar;11. Jan. 2018 - Anonymer Mitarbeiter;4;- Top-Unternehmen in der Chemiebranche - Viele Leute mit hoher Expertise - Gehälter sehr gut im Vergleich zu vielen anderen Firmen - Hohe Jobsicherheit;"- Einige alte ""Aniliner"" lassen jegliche Dynamik und Motivation vermissen und müssen von ihren Teams mitgezogen werden - Qualität der Vorgesetzten schwankt; Karrieremöglichkeiten und Work-Life-Balance können daher variieren - In vielen Bereichen immer noch sehr konservativ, trotz Digitalisierung und Innovationen. - Hochbürokratisch"
80;Lager Mitarbeiter;4. Aug. 2018 - Lagermitarbeiter und Staplerfahrer;2;Gutes Sozialpaket für Arbeitnehmer: Tarifgehalt + Schichtzulagen + Weihnachtsgeld + 1 x im Jahr Boni Auszahlung.;Geld ist leider nicht alles.... Schichtarbeit ist auf Dauer Gesundgheits schädlich. Kein Kollegen zusammen halt... jeder gegen jeden oder man kocht sein eigenes Süppchen. Friss oder Stirb Taktik.. auf Verbesserungsvorschläge oder uf Fheler etc. wird keine Rücksichtig genommen.....
81;BASF SE;26. Jan. 2016 - Chemikant;5;Es ist ein sicherer Arbeitgeber. Die arbeits Atmosphäre ist super die Kollegen sind nett und die Arbeitssicherheit wird ausführlich und aktiv an die erste Stelle im Unternehmen gesetzt.;Da es ein Chemieunternehmen ist besteht immer die Gefahr das etwas passieren kann in der Produktion muss man sich dies jeden Tag vor Augen halten.
82;Kein Job für die Ewigkeit;14. Juni 2017 - Accountant;4;Relativ junge Belegschaft, Zentrale Lage, Gut für den Lebenslauf, wenn man hart und viel arbeitet hat man durchaus Chancen aufzusteigen;"Shared Service Center mit schlechtem Haustarifvertrag, Teilweise Großraumbüros mit schlechtem Klima, hohe Fluktuation, viele Befristungen, keine Kantine, Management nimmt ""Brain Drain"" aufgrund der schlechten Bezahlung in Kauf, anstatt die fähigen MA lieber zu behalten"
83;Freiheit am Arbeitsplatz;3. Juni 2019 - Werkstudentin;3;BASF bietet viele Freiheiten. Angefangen von der Gleitzeit bis hin zur freien Sitzplatz Wahl, Home Office, Vertrauenskonzepte bei der Arbeitszeitkontrolle sowie in der Nutzung des Internets. Musik hören neben der Arbeit ist angenehm und motiviert.;Leider ist zu bemängeln das es sehr viele befristete Arbeitsverträge gibt. In erster Linie geht es um die Zahlen und nicht um die Mitarbeiter. Diese Einstellung hat Frustration der Mitarbeiter zur Folge.
84;Praktikant Personalentwicklung;17. Okt. 2016 - Anonymer Mitarbeiter;4;Viel Verantwortung und bedeutende Aufgaben. Wertschätzung durch Kollegen. Viele Praktikanten im Team, sodass man schnell Anschluss findet und unter Gleichgesinnten ist. Macht viel Spaß gemeinsam zu arbeiten im Praktikantenbüro;Praktikanten werden vom Unternehmen nicht als volle Mitarbeiter gewertet. Zum Mitarbeiterfest war man nicht eingeladen. Unternehmen achtet darauf, dass es ein Pflichtpraktikum ist, ansonsten wird man max bis 3 Monate eingestellt, damit das Unternehmen den Mindestlohn an Praktikanten nicht zahlen braucht.
85;Nette Kollegen bei unfairer Bezahlung;25. Jan. 2016 - Fachliche Führung;2;- kollegialer Zusammenhalt ist vorhanden - generell offenes und nettes Klima - prinzipiell flexible Arbeitszeiten (leider nicht für alle Mitarbeiter);"- unfaire und niedrige Gehaltsstruktur - viele überqualifizierte Stellenbesetzungen, die zu Unzufriedenheit führen - Ungleichgewicht bei der Arbeitsbelastung - Ausnutzung motivierter Mitarbeiter und Duldung der ""Faulen"" - manche Führungspositionen sind sehr fragwürdig besetzt - Kommunikation und Transparenz für Mitarbeiter oft mangelhaft"
86;Es geht leider weiter bergab.;11. Apr. 2019 - Anonymer Mitarbeiter;2;Recht sicherer Arbeitsplatz (aber auch dies ändert sich aktuell), Altersvorsorge;Unternehmensstrategie wird permanent angepasst. Es sind mittlerweile mehr MAs mit der Erstellung von Strategiefolien beschäftigt als mit operativen Tätigkeiten. Unkoordinierter Sparwahn, dem wichtige Aktivitäten zum Opfer fallen. Unfähiges (Top-)Management (VP, SVP).
87;Viele Benefits, langsame Organisation;27. Okt. 2016 - Regional Category Buyer;4;Gute soziale Absicherung, gute IT Ausstattung;"Sehr, sehr langsame Entscheidungswege, wenig Interesse Mitarbeiter langfristig durch eine kontinuierliche Entwicklung zu halten. Die meisten Kollegen bleiben wegen dem sehr guten Gehalt. Die ""Guten"" verlassen scharenweise das Unternehmen ...."
88;Früher war alles besser!;10. Nov. 2017 - Expert Product Stewardship;4;"Global Player; stabile Marktposition; Verbund-Denken; Vieles unter einem Dach; soziale Tradition; Nachhaltigkeitsinitiativen";"Komplexe Entscheidungswege & begrenzte Risikobereitschaft = langsam; Anpassung an Finanzwelt weicht soziale Stärke auf; verstärkter Trend zum Outsourcing"
89;Toller Arbeitgeber mit viel Potential;24. Aug. 2020 - Laborleiter;5;Guter Zusammenhalt, attraktives Gesamtpaket, innovative Produktpipeline, tolle und spannende Projekte, viele Möglichkeiten zur internen Weiterentwicklung möglich;Individuelle Förderung und Weiterentwicklung der Mitarbeiter könnte etwas mehr durch Führungskräfte gestützt werden.
90;Praktikant Engineering & Maintenance;10. Jan. 2017 - Praktikant;5;Als Praktkant habe ich anspruchsvolle Aufgaben bekommen, die ich jederzeit mit meinem Betreuer besprechen konnte. Das Arbeitsklima fand ich gut und ich habe mich als Teil des Teams gefühlt.;Bekannte Probleme eines Großunternehmens, beispielsweise lange Entscheidungswege.
91;Als Werkstudent hat man es bei BASF super;19. Jan. 2018 - Werkstudent;5;- super Vergütung, auch wenn man noch im Bachelor ist - 20 Stunden-Woche - Weihnachts- und Urlaubsgeld - extra Auszahlung nach dem Ende des Vertrags als Dankeschön;- maximale Vertragsdauer 2 Jahre
92;Technical marketing Architectural coatings;8. Sept. 2019 - Techniker;5;ist ein sehr interessante Arbeit mit viele neue Entwicklung von neue Produkte und mit viele Kontakt mit vershiedenen untershiedliche Kunden in viele Ländern;keine großes Problemen habe ich in laufen 30 Jahren gefunden
93;Work Life Balance im Fokus;26. Apr. 2018 - Praktikant Marketing;4;Offene Unternehmenskultur Work Life Balance im Fokus Interessante Projekte Eigene Freiheiten zur Umsetzungen von Projekten Kollegen meist locker und umgänglich;Mit Pech kommt man in ein Team, in welchem einfach die Chemie nicht stimmt
94;Konservatives Unternehmen mit mittelmäßiger Perspektive;1. Feb. 2016 - Process Module Expert;4;Sehr konservativ = sichere Arbeitsplätze, starker Betriebsrat, viele Mitarbeiterangebote, starke internationale Ausrichtung, gute Bezahlung;starker interner Fokus, wenig externe Einstellungen, starres Gehaltskonstrukt, festgefahrene Führungsstrukturen
95;Praktikum Operational Controlling;29. Juli 2018 - Praktikant;4;- Hohe Lernkurve- - Durch die komplette Hierarchieebenen hindurch sehr professionelle Vorgesetzte - Bei Eigeninitiative gute Möglichkeiten zu Netzwerken und Mitarbeiter aus anderen Abteilungen kennenzulernen;- Deutlich unterdurchschnittliche Vergütung für ein Praktikum
96;Super Zufrieden;15. Sept. 2015 - Phyisklaborant;5;es wird viel für Mitarbeiter gemacht. Super atmosphäre. Interessante arbeiten;Kastensystem. Was auf dem Schein steht zählt bei Beförderungen
97;Senior Expert;8. Mai 2019 - Digital Transformation Office;3;In Sachen Arbeitsplatzsicherheit und Zusatzleistungen, auch im Bereich Bezahlung vorbildlich,;Eigene Kreativität und auch Transparenz der Managmententscheidungen sind eher mittelmäßig
98;Gutes Unternehmen;4. Dez. 2019 - Buchhalter;5;Super Mitarbeiter und Team Leiter , flexible Arbeitszeiten, Homeoffice.;Gehalt könnte höher sein, bei anderen Firmen zahlt man mehr
99;Hohe Komplexität im herausfordernden Umfeld;16. Mai 2017 - Anonymer Mitarbeiter;4;Betriebs-Kita, Aktienprogramm für alle Mitarbeiter, betriebliche Altersvorsorge, große Freiräume;Komplexe Organisation, lange Entscheidungswege, Schwächen bei Umsetzung
100;Beste Möglichkeiten um Erfahrungen zu sammeln;30. Jan. 2017 - Werkstudent;4;Bereichsübergreifendes Denken und Handeln, viel Erfahrungsaustausch;ein Weiterkommen im Unternehmen ist meist am Vorgesetzten gekoppelt
101;Vielfalt;6. Aug. 2017 - Accountant Accounts Receivable;3;Kollegen aus aller Welt, vielfältige Aufgaben, gutes Teamwork;übertriebene Hierachien, Teamleiter gegen statt für sein Team, keine Gleitzeitzeiterfassung, keine Kantine
102;FERIENHELFER;4. Dez. 2017 -;5;Mit der Tätigkeit verschafft man sich einen guten Überblick in der Produktionsabläufe der Firma.;Man sollte sich an die Arbeitszeiten gewöhnen.
103;Projektmanager bei BASF SE;3. Aug. 2018 - Projektmanager/in;5;Innovative, arbeitnehmerfreundliche, weltweit operierende Firma;durch die Größe etwas schwerfällig
104;Noch immer der größte Arbeitgeber;22. März 2017 - Anonymer Mitarbeiter;4;Viele verschiedene Menschen viele verschiedene Abteilungen gute Absicherung;sehr langsame Abwicklung von Vorgängen man ist einer von vielen
105;Beurteilung des Unternehmens;28. Nov. 2017 - Teamleitung Mediengestaltung;5;Hervorragender Arbeitgeber mit sehr guten Aufstiegsmöglichkeiten;Transparente Information an die Mitarbeiter bei außergewöhnlichen Ereignissen
106;Gemischte Gefühle;24. März 2020 - Recruiter;3;Großes Unternehmen, erlangtes Prozesswissen, Home Office, Urlaub;keine Wertschätzung, keine Aufstiegsmöglichkeiten, vergleichsweise wenig Gehalt, wenig Verantwortung
107;Toller Arbeitgeber aber sehr träge;26. Mai 2020 - Senior Manager Product Steering;4;Sicherheit, Bezahlung, Entwicklungsmöglichkeiten, Benefits, Kollegen;Aufgrund der Größe ist BASF in vielen Einheiten eher träge
108;BASF ist ein solider Arbeitgeber;9. Apr. 2020 - Senior Legal Counsel;2;gutes Gehalt, gute Sozialleistungen, interessante Aufgaben;schwerfälliger Konzern mit starren Hierarchien, viel Change, keine gelebte work-life-balance
109;Spannendes Umfeld;12. Juli 2020 - Ingenieur;5;- Arbeiten in Eigenverantwortung - Bietet viele Möglichkeiten in jeglicher Hinsicht;- Viele Regelungen verlangsamen die Umsetzungprozesse
110;Techniker Maschinenbau;19. Dez. 2016 - Anonymer Mitarbeiter;5;Sehr guter Arbeitgeber mit sehr viel Möglichkeiten.;Entwicklung ist mit dem Faktor Zeit verknüpft.
111;Vollkommen zufrieden !;17. Sept. 2016 -;5;Nette hilfsbereite kompetente Kollegen / Mitarbeiter;Ich habe keine negativen Argumente wahrgenommen
112;Werkstudent internes controlling;7. Jan. 2018 - Werkstudent;2;- Interessante Aufgaben - nette Teamkollegen;- Abteilungsleitung zeigt null Verständnis für persönliche Belange
113;Bewertung;18. Okt. 2019 - Forschung;4;Internationales Unternehmen, gehört zu den größten;Langsame Entscheidungen, zu viele Führungsebenen
114;Junior Asset Manager;24. März 2019 - Junior Asset Manager;4;Beständig, gute Sozialleistungen, viele Joboptionen;Hohe Arbeitslast, zahlt weniger als Branchenüblich
115;Größtenteils zufrieden;2. Okt. 2019 - Chemielaborant;3;Sicherer Job, relativ gutes Gehalt;Wenig Wertschätzung, sehr bürokratisch, wenig Förderung, viel Selbstdarstellung
116;Product Manager;6. Feb. 2020 - Manager/In;4;Gutes Gehalt und freundliche Kollegen/Vorgesetzte;Klassisch Konzern eben. Schwierig, Dinge zu bewegen.
117;praktikum basf;6. Apr. 2020 - Data Scientist;5;Es war alles gut finde ich;mehr innovation wäre etwas besser
118;Bewertung für internem;6. Aug. 2020 - Project Manager;4;gute Erfahrung für mich und kollegen;langsame und schwierige Prozesse manchmal
119;Chemikant bei BASF;23. Juli 2018 - Chemikant;3;Gutes Lohn und leichte Tätigkeiten;Arbeitszeiten in Schichten (Tagschicht und Nachtschicht)
120;Top;14. Mai 2020 - Data Scientist;5;Vergütung + Zusatzleistungen, Möglichkeiten innerhalb.;Großer Laden, machmal lahm & komplex.
121;Schlecht Bezahlt;22. Feb. 2020 - Anonymer Mitarbeiter;1;es gibt Chancen zu lernen;Wenig bezahlt und zu viel stress
122;Gute;18. Juni 2022 - Anonymer Mitarbeiter;4;Tolle Lernkurve mit nett leute und attractive gehalts;Nicht so viel freiheit/ möglichkeit
123;Sicherer Job, da Personalbestand am unteren Limit ist;7. Jan. 2022 - Chemielaborant Qualitätskontrolle;3;Hohe Sicherheitskultur mit regelmäßigen Schulungen und Kursen. Effiziente Produktion/ Formgebung mit erfahrenen Mitarbeitern. Herausfordernde und sinnvolle Aufgaben welche überwiegend pragmatisch angegangen werden. Gefragtes und diversifiziertes Produkportfolio, welches Krisensicher ist. Plusaktien Programm und Reka Checks;Demografischer Wandel am Standort zu spät entgegengewirkt. Keine oder zu schwache Lohnsteigerungen von jungen Personal. Umstufungen nach oben werden von der höchsten Führungkraft aus persönlichen Zielen blockiert und Mitarbeiter werden darüber nicht informiert, um sie an der Stange zu halten. Know how von Erfahrenen Personal geht konstant verloren, da mit dem knappen Personalbestand das Tagesgeschäft ansonsten darunter Leiden würde.
124;Great internship;23. Jan. 2022 - Intern;5;Learned a lot, staff are very nice;Non to speak of, very friendly staff
125;Top Unternehmen;22. Juli 2021 - Operator;5;-Gehalt ist fair -Angenehme Vorgesetzte -Genug Urlaub;-Zu wenig Personal -Zu kurze Einarbeitung
126;cobntroller;26. Mai 2021 - Controller;5;work life balance, arbeitszeit, lernfähigkeit;gehalt, wechselgedanken, entwicklung, neue aufgaben
127;Gute Sache;28. Feb. 2020 - Accountant;3;Kommunikation aktiv statisch proaktiv neu;Handling relax brauchbar neu fortschritt
128;Overall review;19. Sept. 2022 - Cost Controller;3;One of the biggest companies in Germany. English is widely used, and German is just a plus. Lots of opportunities and projects between teams. They make inflation adjustments in addition to salary and other corporate benefits.;It doesn't have that cool start-up environment.
129;Hat Spaß gemacht;20. Okt. 2022 - HR Assitant;4;- Stabiler Laden - geregelte Arbeitszeiten;- schlechte Aufstiegs Möglichkeiten Thema Karriere
130;Toller Arbeitgeber;7. Okt. 2022 - Chemikant;5;Pünktliche Zahlung tolle Mitarbeiter Freude an der Arbeit;Es gibt keine Kontras für mich
131;BASF Berlin;18. Sept. 2022 - Anonymer Mitarbeiter;4;Perfect for first job seekers;Compensation should be definitely improved
132;Very good;2. Sept. 2022 - Senior Specialist Digitalization;5;Good work-life balance Company culture Collegiality Horizontal mobility between different departments;Rigid structure Hierarchy Intransparent criteria for advancement
133;Viel Schein als Sein;26. Aug. 2022 - Senior Accountant;3;Internationales Umfeld. Viele Entwicklungsmöglichkeiten. Einblicke über den Tellerrand hinaus;Gehalt. Führungsleute werden dazu geschult, die Fluktuation zu mangagen.
134;Great place to work;18. Juli 2022 - Senior Cost Engineer;5;Solid company with many options for career development worldwide;Very hard to change status quo of many internal processes and procedures, even for the best
135;BASF Services Europe;17. Aug. 2022 - Senior Manager;4;Good Work environment, development opportunities;Salary too low, sometimes too bureaucratic
136;Toller Arbeitgeber mit spannenden Projekten;25. Okt. 2021 - Projektmanager IT;5;Abwechselnde und spannende IT Projekte;Fehlende Unternehmensweite Projektmethodik zur Durchführung von Projekten
137;Strengen / Steilen Hierarchie;16. Juni 2021 - SAP Master Data Specialist;2;Wenn Sie eine Fünf-zu-Neun-Mentalität haben, ist dies der perfekte Arbeitsplatz. Ein typisches Konzernunternehmen, das hundert Jahre existiert, sehr stabil.;Mit ein typisches Konzerunternehmen, kommt vieles Nachteile. Es gibt einen Strengen / Steilen Hierarchie. Sie schränken Ihre Wachstumschancen innerhalb der Organisation ein, auch nicht offen für kreative Köpfe im Sinne, wenn Sie Ihre Idee in das Unternehmen einbringen möchten. Wenn Sie nicht auf der Suche nach einer beruflichen Weiterentwicklung sind und an der Position festhalten möchten, ist dies der perfekte ideale Arbeitsplatz.
138;Fairer Arbeitgeber;23. Aug. 2021 - Chemikant;4;I'm Vergleich zu anderen Unternehmen ist die BASF ein sehr guter Arbeitgeber in vielerlei Hinsicht.;Es gab Vorgesetzte die Mitarbeiter von oben herab behandelt haben. Für mich gab es keine Weiterbildungsmöglichkeit
139;Bester Arbeitgeber;6. Okt. 2021 - Projektmanager/in;5;Flexible Arbeitsteilung, überdurchschnittliche Bezahlung, tolles Klima;Befristete Verträge, kaum Chance unbefristeten Vertrag zu bekommen
140;Guter Arbeitgeber in der Metropolregion Rhein-Neckar;20. Sept. 2021 - Senior Specialist;4;- attraktives Gehalt, sehr gute Sozialleistungen inkl. betrieblicher Altersvorsorge;- zu konservativ und träge
141;puh;10. Dez. 2021 - Chemiefacharbeiter;1;kollegen sind wirklich toll wirklich;fima ist eine reinste verarsche
142;Nette und fähige Mitarbeite, guter Lohn;1. Aug. 2021 - Anonymer Mitarbeiter;5;Das Übliche bei Großunternehmen: Sicherer Job gute Bezahlung, Ressourcen, gute und nette Mitarbeiter. Die Lebenshaltungskosten im Umland sind vergleichsweise gut;Das Übliche bei Großunternehmen: Groß, träge, unspezialisiert, nicht top nodge und etwas bürokratisch. Standort mit Ludwigshafen nicht optimal.
143;Gutes kollegiales Klima;28. Sept. 2021 - Recruiter;3;Arbeitsatmosphäre und Kollegen sind sehr gut;Gehalt sollte besser sein als jetzt
144;Ausnutzungsprofiz;12. Nov. 2021 - Master Data Officer;1;gut für Leute die mit leichte Arbeit und wenig Geld ok sind;Die Firma ist da um die Leute auszunutzen
145;gute Bedingungen;24. Sept. 2021 - Ingenieur;4;gute Arbeit bei der BASF;keine die ich hier nennen würde
146;Faire Firma!;24. März 2021 - Prakitkant;5;Soziales Umfeld, nette Kollegen, unterschiedliche Aufgaben, gute Arbeitsstunden (7,5 h);Fällt mir momentan nichts ein
147;Guter Arbeitsgeber mit Ausbaupotential;11. März 2021 - Research Scientist;4;Vielseitige Aufgaben und gute Einblicke in die Indistrie;Wenig Vertrauen vom Management und langsame Prozesse
148;früher war alles besser;26. März 2021 - Manager/In;4;grosse internationale Firma mit Auslands Möglichkeiten;starker Leistungsdruck mit deutlich geschmälerten Sozielleistungen
149;Exzellente Arbeitsbedingungen und spannende Aufgaben;21. Feb. 2021 - Projektmanager;5;Aufgaben, Freiheit, Führung, Erfahrung, Internationalität und Vielfalt;Viel Arbeit, Einkommen im unteren Bereich aber in Ordnung
150;Zu konservativ;19. Feb. 2021 - Research Scientist;3;Onboarding war gut, nette Kollegen, gute Ausstattung;zu viele Projekte gleichzeitig, nicht so viele Kooperationen mit Unis, langsam
151;Langsamer RIese;22. Apr. 2016 - Produktmanagement;3;Gutes Gehalt Faire Work Life Balance;Übergroße KOnzernstrukturen führen zur Lähmung der Aktivitäten, da sämtliche Aktionen mit 20 verschiedenen Abteilungen abgestimmt werden müssen und am ende dadurch nur halbgares rauskommt. Personalpolitik - ältere MItarbeiter kommen durch häufige Reorganisationen aufs Abstellgleis, junge aber befristete high potentials ohne Möglichkeit auf Übernahme
152;Gut-sehr gut;19. Apr. 2016 - Chemiker;4;Sehr gute Bezahlung und freundlicher Umgang, Personal sehr kompetent, man redet Viel miteinander, hab dort auch neue Bekanntschaften geschlossen sehr gut Firma.;Zuviele Bewerber, schwer reinzukommen ist manchmal schwer immer so lang zu arbeiten macht manchmal nicht spaß Arbeit ist manchmal auch zu schwer
153;Gut, wenn man mal drinnen ist;25. Jan. 2019 - Mitarbeiter Finanzen/Controlling;4;- Sehr gute Bezahlung - Sehr gute Sozialleistungen - Sehr gute Work-Life-Balance;"- Haifischbecken - Für kaufmännische Personen zunehmend kämpferisches Umfeld - Zu viele überbezahlte Menschen, die auf ""aller höchstem"" Niveau nur am Rumjammern sind (auch Führungskräfte) - Die Chance auf einen guten Vorgesetzten liegt bei 50:50"
154;Konservatives Unternehmen mit geringem Willen zur Veränderung;14. März 2017 - Global Supply Chain Manager;3;Grosser Arbeitgeber mit vielfältigen Positionen;"sehr konservatives Unternehmen; komplexe Organisation, starre Prozesse und mangelnde Bereitschaft zur Prozessoptimierung und Veränderung wirken bei vielen Mitarbeitern demotivierend und führen zum Gefühl 'nichts verändern zu können'; je nach Vorgesetztem beschränkte Möglichkeit zur flexiblen Heimarbeit"
155;Work life balance interessiert in vielen Teilen nicht;6. Juli 2018 - Senior Consultant SAP/SCM;2;Gehalt gut, einfache Jobs sind oft noch recht gemütlich. Relativ sichere Anstellung.;Höhere Jobgrades werden sehr stark über lastet. An Schlüsselpositionen, vor allem in der IT, ist Kompetenz nicht gefragt. Starkes Outsourcing ohne Berücksichtigung der Qualität. Wer engagiert ist, wird dies schnell aufgeben.
156;Sehr gute Bezahlung;2. Juli 2020 - Chemikant;4;Bezahlung, soziale Leistungen, Arbeitszeiten, Urlaubskontingent, Urlaubsgeld, Weihnachtsgeld, persönliche Erfolgsbeteiligung;Langsame Aufstiegschancen, Prozesse sehr langsam und veraltet, arrogante Menschen, in ihrer Denkweise oft beschränkt. Kaum eine Option der Aufstiegschance, wenn man sich weiter bzw. in eine andere Richtung orientiert.
157;gute Praktikumserfahrung in dem SCM Bereich;9. Jan. 2019 - Prakitkant Supply Chain projects;4;- internationale Projekte - nette Betreuer und Kollegen - Möglichkeit um unterschiedliche Kenntnis zu lernen - bekannter Arbeitgeber in der chemieschen Industrie;- traditionale, große Firma mit langsamen Prozesses - Deutsch ist sehr wichtig (kann nicht so freundlich zu Ausländer sein)
158;Entspannt;29. Juni 2015 - Project Manager;4;Gute Work-Life-Balance, gute Bezahlung, angenehmes Klima;"Entwicklung geht sehr langsam, vor allem wenn man jung ist; ältere Mitarbeiter verdienen aus Prinzip mehr; ob man Leistung bringt oder nur chillt entscheidet nicht über die Entwicklung"
159;Super Team;23. Nov. 2017 - Internship;4;Super Team, tolle Arbeitsumgebung, viel zu lernen.;Sehr hierarchisch, Einstellungsstop, keine schöne Stadt.
160;Sehr gute Atmosphäre;1. Feb. 2018 - Werkstudent;5;Entspanntes Arbeiten mit netten Kollegene;Eigentlich kaum Nachteile bezüglich der BASF
161;Business Analyst;21. Jan. 2019 - Business Analyst;4;Kollegen, Produkte, Einstiegsgehalt, Home-Office, Flexibel;Intransparenz, konservative Führung, Entwicklung, Amigo Wirtschaft, Verantwortung
162;Top-Down;3. Juni 2019 - Administrative Assistant;3;Gehalt, Vorteile Großkonzern, Tarifvertrag, Lage des Unternehmens;Hierarchie durch und durch.... wenig Mitarbeiterentwicklung möglich
163;Global Lead Buyer;29. Dez. 2016 - Anonymer Mitarbeiter;4;sicher, nette Kollegen, global, Weltmarktführer;keine Individiualität, bürokratisch, kompliziert, starre Strukturen
164;Recruiter;31. Aug. 2018 - Recruiter;4;Work Life Balance , Benefits ,mobiles arbeiten;Keine klimatisierten Räume und Großraumbüros, Platzrotation
165;Great starting position;8. Apr. 2022 - Project Engineering Manager;4;- You can steer your career to a high degree, but always need to have someone sponsoring you to move up - If you want, you can have a great overview of all the company investments - Interesting and challenging projects;- Depending on the project you get, repetitive tasks - Still a big generational gap impregnates the Engineering division
166;review;10. Juli 2022 - VAT Accountant;1;the experience you can get;the salary is not the best
167;Werkstudent Ludwigshafen;4. Mai 2022 - Werkstudent;4;Gute Vergütung und Nette Kollegen. Eigenes Zeitmanagment und viele Freiheiten.;Einarbeitung war nicht wirklich da. Kein großen Kontakt zu vielen Kollegen.
168;Shared Services Center in Berlin;4. Apr. 2022 - Anonymer Mitarbeiter;3;Teams sind International und interkulturell. Angenehme Arbeitsatmosphäre und stressfrei. Interessante Mitarbeitersbenefits und gute Events/ Team-Buildings.;permanente Kollegen-Wechsel -- alte Kollegen haben gekündigt und neue Kollegen kommen. Nicht so viele Entwicklungen in der Firma. Gehalt ist nur fair.
169;Kostenreduktion;12. Mai 2022 - Head of Business Management;3;A nice multinational atmosphere especially in sales and marketing..;It’s not any more cost reduction, but „cheap”
170;Learning;1. Mai 2022 - Kaufmännischer Mitarbeiter;3;Soziale Bedingungen, Kollegen, Zusammenhalt, Firmenfeiern, Mehr nicht;Strukturen können nicht verändert werden. Mitarbeiter sollen weggelobt werden.
171;Job went from underpaid but nice, to underpaid and bad.;1. März 2022 - Marketing Procurement;3;All the colleagues are amazing.;Cost reduction measures are taken that should be achieved by automation. However, the automation fails and lacks, but the teams are getting reduced already. In other words, more work for fewer people, good bye social life.
172;Work life balance;6. Feb. 2022 - Manager Digitalisierung;4;Gute Kollegen und Kantine Stabilität Viele Möglichkeit, die Arbeitsposition zu ändern;Jahre von Kostensenkungsprogramme, Umstrukturierung der Gehälter und Kurzzeitdenken hinterlassen Spuren in der Arbeitsmoral
173;ganz ok...;5. Sept. 2019 - Bürokaufmann;2;Gehalt, Sozialleistungen, Work-life-balance, Weihnachtsgeld, Urlaubsregelungen;Zu viele arrogante Kollegen die sich alle für toll halten aber nichts drauf haben!
174;advisor;20. Sept. 2018 - Anonymer Mitarbeiter;3;international, multilingual, macht mobiles Arbeiten möglich;Gehalt zu niedrig im Vergleich, nicht genügend Extras
175;Schlechte Bezahlung;10. Jan. 2019 - Junior Controller;3;Größe der Firma determiniert die Fülle der Aufgaben, sodass man viel lernt;schlechte Bezahlung, da ist man bei anderen Firmen besser aufgehoben
176;Top Arbeitgeber mit guten Gehaltsaussichten;22. Jan. 2015 - Procurement Manager;5;Alle Vorteile eines Konzerns inkl. Benefits etc. Förderung von Mitarbeitern;Komplexe Organisation Teilweise lange Entscheidungswege durch die Matrix-Organisation
177;Sehr gute Arbeitgeber;3. Feb. 2020 - Anonymer Mitarbeiter;5;Alles bestens. Respekt, freiheit, entwicklungschancen innerhalb standort ist gegeben;Freiheit wird viel misgebraucht. Da kann mann mehr tun
178;Gute Praxiserfahrung als Student;24. Feb. 2020 - Werkstudent Data Science;4;- interessante Projekte, auch nach Interessen wählbar - motiviertes und hochqualifiziertes Team - nette Kollegen;- schlechte IT - langsame Prozesse
179;Praktikant in Supply chain management.;28. Apr. 2019 - Praktikant;5;Multikulti, Netter Kollegen, Gute kantine.;schwer zu erreichen, einen spezifischen Ort in dieser riesigen Anlage
180;BASF The Chemical Company;1. Dez. 2016 - Laborleiter Polymerforschung;5;Innovatives Unternehmen Global tätiges Unternehmen Sehr gute Sozialleistungen;Sehr großes Unternehmen, daher sind Entscheidungsprozesse meist sehr langsam
181;General rating;20. Jan. 2022 - Junior Controller;4;Good working environment Good work life balance;Low Salary, promotion is not quick.
182;Great;25. Jan. 2022 - Anonymer Mitarbeiter;4;Work-life balance and company culture;Remuneration is below market average
183;Regular job;8. Feb. 2022 - Accountant;1;I think that working from home and also working within EU or even overseas is the best that this company offers.;I think salaries should be higher to avoid high rate rotation employees.
184;BASF Zufriedenheit;23. Dez. 2021 - Chemical Engineering;4;Die Firma bietet ein Komplettpaket. Sehr Innovative Forschung und das Gehalt ist gut.;Die Internetverbindung ist oft nicht ausreichend.
185;Guter Arbeitgeber - leider werden zu viele Kosten gespart;3. Dez. 2021 - HR Officer;3;- flexible Arbeitszeiten - sympathische Kollegen - lockeres Umfeld - Home Office;- Kosteneinsparung merkt man - viele Aufgaben für zu kleine Teams - hohe Fluktuation
186;Wichtige und tolle Bewertung;24. Dez. 2021 - Assistent der Geschäftsleitung;4;Die geben einem echtes Geld;Man muss leider dafür arbeiten
